code,term
10058006,Miscarriage with amniotic fluid embolism
10217006,Third degree perineal laceration
102500002,Good neonatal condition at birth
102501003,Well male newborn
102502005,Well female newborn
102503000,Well premature newborn
102504006,Well premature male newborn
102505007,Well premature female newborn
102879009,Post-term delivery
10455003,Removal of ectopic cervical pregnancy by evacuation
106009009,Fetal condition affecting obstetrical care of mother
10697004,Miscarriage complicated by renal failure
10743881000119104,Suspected fetal abnormality affecting management of mother
10745001,Delivery of transverse presentation
10749691000119103,Obstetric anesthesia with cardiac complication in childbirth
10749811000119108,Obstetric anesthesia with central nervous system complication in childbirth
10751511000119105,Obstructed labor due to incomplete rotation of fetal head
10751581000119104,Obstructed labor due to disproportion between fetus and pelvis
10751631000119101,Obstructed labor due to abnormality of maternal pelvis
10751701000119102,Spontaneous onset of labor between 37 and 39 weeks gestation with planned cesarean section
10753181000119105,Premature rupture of membranes in full term pregnancy with onset of labor within 24 hours of rupture
10753231000119104,Premature rupture of membranes in full term pregnancy with onset of labor more than 24 hours after rupture
10753281000119103,Premature rupture of membranes in full term pregnancy with onset of labor unknown
10753491000119101,Gestational diabetes mellitus in childbirth
10754331000119108,Air embolism in childbirth
10755951000119102,Heart murmur in mother in childbirth
10759611000119105,Preterm premature rupture of membranes with onset of labor later than 24 hours after rupture
10759661000119108,Preterm premature rupture of membranes with onset of labor unknown
10759711000119103,Preterm premature rupture of membranes with onset of labor within 24 hours of rupture
10760081000119108,Pyemic and septic embolism in childbirth
10760261000119106,Uterine laceration during delivery
10760661000119109,"Triplets, some live born"
10760701000119102,"Quadruplets, all live born"
10760741000119100,"Quadruplets, some live born"
10760781000119105,"Quintuplets, all live born"
10760821000119100,"Quintuplets, some live born"
10760861000119105,"Sextuplets, all live born"
10760901000119104,"Sextuplets, some live born"
10761101000119105,Vacuum assisted vaginal delivery
10761141000119107,Preterm labor in second trimester with preterm delivery in second trimester
10761191000119104,Preterm labor in third trimester with preterm delivery in third trimester
10761241000119104,Preterm labor with preterm delivery
10763001,Therapeutic abortion by insertion of laminaria
10808861000119105,Maternal distress during childbirth
10835781000119105,Amniotic fluid embolism in childbirth
10836111000119108,Dislocation of symphysis pubis in labor and delivery
11026009,Miscarriage with renal tubular necrosis
1105781000000106,Misoprostol induction of labour
1105791000000108,Mifepristone induction of labour
1105801000000107,Clitoral tear during delivery
11109001,Miscarriage with uremia
111431001,Legal abortion complicated by damage to pelvic organs AND/OR tissues
111432008,Legal abortion with air embolism
112070001,Onset of labor induced
112071002,Postmature pregnancy delivered
112075006,Premature birth of newborn sextuplets
1125006,Sepsis during labor
112925006,Repair of obstetric laceration of vulva
112926007,Suture of obstetric laceration of vagina
112927003,Manual rotation of fetal head
11373009,Illegal abortion with sepsis
1141750000,Physiological delivery of placenta
11466000,Cesarean section
1147951000000100,Delivery following termination of pregnancy
1147961000000102,Breech delivery following termination of pregnancy
1147971000000109,Cephalic delivery following termination of pregnancy
1167981000000101,Ultrasound scan for chorionicity
118182003,Finding related to amniotic fluid turnover
118215003,Delivery finding
118216002,Labor finding
1187861000000101,Selective destruction of fetus by percutaneous intrafetal laser ablation of umbilical cord
11914001,Transverse OR oblique presentation of fetus
11942004,Perineal laceration involving pelvic floor
1197219005,Elective lower segment cesarean section through inverted T shaped incision of uterus
12095001,Legal abortion with cardiac arrest AND/OR failure
1219001000000101,Selective destruction of fetus by percutaneous intrafetal radiofrequency ablation of umbilical cord
1219011000000104,Selective destruction of fetus by percutaneous intrafetal bipolar coagulation of umbilical cord
1220560005,Self-induced termination of pregnancy
1220564001,Incomplete induced termination of pregnancy complicated by shock
1220586000,Incomplete induced termination of pregnancy complicated by renal failure
1220625008,Incomplete induced termination of pregnancy complicated by metabolic disorder
1220626009,Incomplete induced termination of pregnancy complicated by genital-pelvic infection
1220630007,Incomplete induced termination of pregnancy complicated by embolism
1220631006,Incomplete induced termination of pregnancy complicated by delayed or excessive hemorrhage
1220632004,Incomplete induced termination of pregnancy complicated by damage to pelvic organs or tissues
1220653008,Excessive hemorrhage due to and following complete induced termination of pregnancy
12296009,Legal abortion with intravascular hemolysis
12349003,Danforth's sign
1237363002,Pressure collapse of lung due to anesthesia during labor and delivery
12394009,Miscarriage with cerebral anoxia
124735008,Late onset of labor
1264255000,Complete induced termination of pregnancy
1268535008,Obstructed labor due to interlocked twins
127009,Miscarriage with laceration of cervix
12729009,Prolonged rupture of membranes
128077009,Trauma to vagina during delivery
12867002,Fetal distress affecting management of mother
1287984003,Immediate repair of obstetric laceration of cervix uteri
13100007,Legal abortion with laceration of uterus
13384007,Miscarriage complicated by metabolic disorder
1345223002,Lateral episiotomy
1345224008,Median episiotomy
1345225009,Mediolateral episiotomy
1345228006,Laceration of clitoris during vaginal delivery of fetus
1348293006,Does mobilize during labor
1348294000,Delivery using general anesthesia
1348295004,Delivery using epidural anesthesia
1348296003,Delivery using spinal anesthesia
1351929005,Single live birth from multiple pregnancy
1354494000,Induced termination of pregnancy complicated by damage to urethra
1354495004,Injury of urethra during vaginal delivery
1354496003,Injury of urethra during cesarean section
1356800005,Damage of ligament of pelvic girdle during vaginal delivery
1356801009,Damage of joint of pelvic wall during vaginal delivery
1356815006,Presentation of prolapsed upper limb of fetus
1356816007,Presentation of prolapsed hand of fetus
1363121004,Unassisted birth
1363272004,Thierry spatulas vaginal delivery of fetus
1365933005,Mechanical induction of labor
1371301003,Cesarean section with delivery of fetal head using forceps
13859001,Premature birth of newborn twins
14022007,"Fetal death, affecting management of mother"
14049007,Chaussier's sign
14119008,Braxton Hicks obstetrical version with extraction
14136000,Miscarriage with perforation of broad ligament
1469007,Miscarriage with urinary tract infection
151441000119105,Twin live born in hospital by vaginal delivery
1538006,Fetal malformation of central nervous system affecting obstetrical care
15413009,High forceps delivery with episiotomy
15467003,"Term birth of identical twins, both living"
15511008,Legal abortion with parametritis
156072005,Incomplete miscarriage
156073000,Complete miscarriage
15809008,Miscarriage with perforation of uterus
15898009,Third stage of labor
16038004,Abortion due to Leptospira
16101000119107,Incomplete induced termination of pregnancy with complication
16111000119105,Incomplete spontaneous abortion due to hemorrhage
163565006,On examination - vaginal examination - os 0-1 cm dilated
163566007,On examination - vaginal examination - os 1-2cm dilated
163567003,On examination - vaginal examination - os 2-4 cm dilated
163568008,On examination - vaginal examination - os 4-6cm dilated
163569000,On examination - vaginal examination - os 6-8cm dilated
163570004,On examination - vaginal examination - os 8-10cm dilated
163571000,On examination - vaginal examination - os fully dilated
164817009,Placental localization
16714009,Miscarriage with laceration of bowel
16819009,Delivery of face presentation
16836811000119108,Miscarriage of left tubal ectopic pregnancy
16836851000119109,Miscarriage of right tubal ectopic pregnancy
16950007,Fourth degree perineal laceration involving anal mucosa
169826009,Single live birth from singleton pregnancy
169827000,Single stillbirth
169828005,Twins - both live born
169829002,Twins - one still and one live born
169830007,Twins - both stillborn
169831006,Triplets - all live born
169832004,Triplets - two live and one stillborn
169833009,Triplets - one live and two stillborn
169834003,Triplets - three stillborn
169836001,Birth of child
169960003,Labor details
169961004,Normal birth
17333005,Term birth of multiple newborns
17335003,Illegal abortion with laceration of bowel
17369002,Miscarriage
17594002,Fetal bradycardia affecting management of mother
176849008,Introduction of abortifacient into uterine cavity
176854004,Insertion of prostaglandin abortifacient suppository
176928008,Excision of ectopic ovarian pregnancy
176929000,Excision of ruptured ectopic tubal pregnancy
177095006,Early selective feticide
177096007,Late selective feticide
177128002,Induction and delivery procedures
177129005,Surgical induction of labor
177135005,Oxytocin induction of labor
177136006,Prostaglandin induction of labor
177141003,Elective cesarean section
177142005,Elective upper segment cesarean section
177143000,Elective lower segment cesarean section
177152009,Breech extraction delivery with version
177157003,Spontaneous breech delivery
177158008,Assisted breech delivery
177161009,Forceps cephalic delivery
177162002,High forceps cephalic delivery with rotation
177164001,Midforceps cephalic delivery with rotation
177167008,Barton forceps cephalic delivery with rotation
177168003,DeLee forceps cephalic delivery with rotation
177170007,Piper forceps delivery
177173009,High vacuum delivery
177174003,Low vacuum delivery
177175002,Vacuum delivery before full dilation of cervix
177176001,Trial of vacuum delivery
177179008,Cephalic vaginal delivery with abnormal presentation of head at delivery without instrument
177180006,Manipulative cephalic vaginal delivery with abnormal presentation of head at delivery without instrument
177181005,Non-manipulative cephalic vaginal delivery with abnormal presentation of head at delivery without instrument
177184002,Normal delivery procedure
177185001,Water birth delivery
177208006,Repositioning of inverted uterus
177212000,Normal delivery of placenta
177217006,Immediate repair of obstetric laceration
177218001,Immediate repair of obstetric laceration of uterus or cervix uteri
177219009,Immediate repair of obstetric laceration of perineum and sphincter of anus
177220003,Immediate repair of obstetric laceration of vagina and floor of pelvis
177221004,Immediate repair of minor obstetric laceration
177227000,Secondary repair of obstetric laceration
17860005,Low forceps delivery with episiotomy
18302006,Therapeutic abortion by hysterotomy
18391007,Elective abortion
184339009,Miscarriage at 8 to 28 weeks
18606002,Dyscoordinate labor
18613002,Miscarriage with septic shock
18625004,Low forceps delivery
18684002,Illegal abortion complicated by metabolic disorder
18872002,Illegal abortion with laceration of cervix
18894005,Legal abortion with cerebral anoxia
19169002,Miscarriage in first trimester
19390001,Partial breech delivery with forceps to aftercoming head
195005,Illegal abortion with endometritis
19564003,Illegal abortion with laceration of periurethral tissue
19729005,Prolapse of anterior lip of cervix obstructing labor
198617006,Delivery of viable fetus in abdominal pregnancy
198644001,Incomplete miscarriage with genital tract or pelvic infection
198645000,Incomplete miscarriage with delayed or excessive hemorrhage
198646004,Incomplete miscarriage with damage to pelvic organs or tissues
198647008,Renal failure due to and following incomplete miscarriage
198648003,Metabolic disorder due to incomplete miscarriage
198649006,Shock due to incomplete miscarriage
198650006,Embolism due to incomplete miscarriage
198655001,Complete miscarriage with genital tract or pelvic infection
198656000,Complete miscarriage with delayed or excessive hemorrhage
198657009,Complete miscarriage with damage to pelvic organs or tissues
198659007,Complete miscarriage with renal failure
198660002,Complete miscarriage with metabolic disorder
198661003,Complete miscarriage with shock
198663000,Complete miscarriage with embolism
198705001,Incomplete legal abortion with genital tract or pelvic infection
198706000,Incomplete legal abortion with delayed or excessive hemorrhage
198707009,Incomplete legal abortion with damage to pelvic organs or tissues
198708004,Incomplete legal abortion with renal failure
198709007,Incomplete legal abortion with metabolic disorder
198710002,Incomplete legal abortion with shock
198711003,Incomplete legal abortion with embolism
198718009,Complete legal abortion with genital tract or pelvic infection
198719001,Complete legal abortion with delayed or excessive hemorrhage
198720007,Complete legal abortion with damage to pelvic organs or tissues
198721006,Complete legal abortion with renal failure
198722004,Complete legal abortion with metabolic disorder
198723009,Complete legal abortion with shock
198724003,Complete legal abortion with embolism
198743003,Illegal abortion incomplete
198744009,Incomplete illegal abortion with genital tract or pelvic infection
198745005,Incomplete illegal abortion with delayed or excessive hemorrhage
198746006,Incomplete illegal abortion with damage to pelvic organs or tissues
198747002,Incomplete illegal abortion with renal failure
198748007,Incomplete illegal abortion with metabolic disorder
198749004,Incomplete illegal abortion with shock
198750004,Incomplete illegal abortion with embolism
198757001,Complete illegal abortion with delayed or excessive hemorrhage
198758006,Complete illegal abortion with damage to pelvic organs or tissues
198759003,Complete illegal abortion with renal failure
198760008,Complete illegal abortion with metabolic disorder
198761007,Complete illegal abortion with shock
198762000,Complete illegal abortion with embolism
198917009,Antepartum hemorrhage with coagulation defect - delivered
198922009,Antepartum hemorrhage with trauma - delivered
198927003,Antepartum hemorrhage with uterine leiomyoma - delivered
198991006,Eclampsia - delivered with postnatal complication
198993009,Eclampsia with postnatal complication
199022003,Mild hyperemesis-delivered
199027009,Hyperemesis gravidarum with metabolic disturbance - delivered
199063009,Post-term pregnancy - delivered
199087006,Habitual aborter - delivered
199093003,Peripheral neuritis in pregnancy - delivered
199096006,Peripheral neuritis in pregnancy with postnatal complication
199099004,Asymptomatic bacteriuria in pregnancy - delivered
199100007,Asymptomatic bacteriuria in pregnancy - delivered with postnatal complication
199102004,Asymptomatic bacteriuria in pregnancy with postnatal complication
199117000,Liver disorder in pregnancy - delivered
199121007,Fatigue during pregnancy - delivered
199122000,Fatigue during pregnancy - delivered with postnatal complication
199124004,Fatigue during pregnancy with postnatal complication
199127006,Herpes gestationis - delivered
199128001,Herpes gestationis - delivered with postnatal complication
199192005,Maternal rubella during pregnancy - baby delivered
199225007,Diabetes mellitus during pregnancy - baby delivered
199252002,Drug dependence during pregnancy - baby delivered
199266007,Congenital cardiovascular disorder during pregnancy - baby delivered
199314001,Normal delivery but ante- or post- natal conditions present
199317008,Twin pregnancy - delivered
199321001,Triplet pregnancy - delivered
199325005,Quadruplet pregnancy - delivered
199329004,"Multiple delivery, all spontaneous"
199330009,"Multiple delivery, all by forceps and vacuum extractor"
199331008,"Multiple delivery, all by cesarean section"
199344003,Unstable lie - delivered
199358001,Oblique lie - delivered
199362007,Transverse lie - delivered
199375007,High head at term - delivered
199380003,Multiple pregnancy with malpresentation - delivered
199384007,Prolapsed arm - delivered
199405005,Generally contracted pelvis - delivered
199406006,Generally contracted pelvis with antenatal problem
199413006,Outlet pelvic contraction - delivered
199418002,Mixed feto-pelvic disproportion - delivered
199427001,Hydrocephalic disproportion - delivered
199468005,Retroverted incarcerated gravid uterus - delivered
199469002,Retroverted incarcerated gravid uterus - delivered with postnatal complication
199471002,Retroverted incarcerated gravid uterus with postnatal complication
199482005,Cervical incompetence - delivered
199483000,Cervical incompetence - delivered with postnatal complication
199485007,Cervical incompetence with postnatal complication
199595002,Labor and delivery complication by meconium in amniotic fluid
199596001,Labor and delivery complicated by fetal heart rate anomaly with meconium in amniotic fluid
199597005,Labor and delivery complicated by biochemical evidence of fetal stress
199660008,Premature rupture of membranes with onset of labor within 24 hours of the rupture
199662000,Premature rupture of membranes with onset of labor after 24 hours of the rupture
199670005,Prolonged artificial rupture of membranes
199710008,"Sepsis during labor, delivered"
199718001,Elderly primigravida - delivered
199745000,Complication occurring during labor and delivery
199746004,Obstructed labor
199747008,Obstructed labor due to fetal malposition
199749006,Obstructed labor due to fetal malposition - delivered
199750006,Obstructed labor due to fetal malposition with antenatal problem
199751005,Obstructed labor due to breech presentation
199752003,Obstructed labor due to face presentation
199753008,Obstructed labor due to brow presentation
199754002,Obstructed labor due to shoulder presentation
199755001,Obstructed labor due to compound presentation
199757009,Obstructed labor caused by bony pelvis
199759007,Obstructed labor caused by bony pelvis - delivered
199760002,Obstructed labor caused by bony pelvis with antenatal problem
199761003,Obstructed labor due to deformed pelvis
199762005,Obstructed labor due to generally contracted pelvis
199763000,Obstructed labor due to pelvic inlet contraction
199764006,Obstructed labor due to pelvic outlet and mid-cavity contraction
199765007,Obstructed labor due to abnormality of maternal pelvic organs
199767004,Obstructed labor caused by pelvic soft tissues
199769001,Obstructed labor caused by pelvic soft tissues - delivered
199770000,Obstructed labor caused by pelvic soft tissues with antenatal problem
199771001,Piper forceps delivery by application to aftercoming head
199774009,Deep transverse arrest - delivered
199775005,Deep transverse arrest with antenatal problem
199783004,Shoulder dystocia - delivered
199787003,Locked twins - delivered
199806003,Obstructed labor due to unusually large fetus
199819004,Primary uterine inertia - delivered
199824001,Secondary uterine inertia - delivered
199833004,Precipitate labor - delivered
199838008,Hypertonic uterine inertia - delivered
199847000,Prolonged first stage - delivered
199857004,Prolonged second stage - delivered
199862003,Delayed delivery second twin - delivered
199863008,Delayed delivery second twin with antenatal problem
199925004,Second degree perineal tear during delivery - delivered
199926003,Second degree perineal tear during delivery with postnatal problem
199930000,Third degree perineal tear during delivery - delivered
199931001,Third degree perineal tear during delivery with postnatal problem
199935005,Fourth degree perineal tear during delivery with postnatal problem
199958008,Ruptured uterus before labor
199960005,Rupture of uterus before labor - delivered
199964001,Rupture of uterus during and after labor - delivered
199965000,Rupture of uterus during and after labor - delivered with postnatal problem
199969006,Obstetric inversion of uterus - delivered with postnatal problem
199970007,Obstetric inversion of uterus with postnatal problem
199972004,Laceration of cervix due to childbirth
199974003,Obstetric laceration of cervix - delivered
199975002,Obstetric laceration of cervix with postnatal problem
199977005,Obstetric high vaginal laceration
199979008,Obstetric high vaginal laceration - delivered
199980006,Obstetric high vaginal laceration with postnatal problem
199990003,Obstetric damage to pelvic joints and ligaments - delivered
199991004,Obstetric damage to pelvic joints and ligaments with postnatal problem
199997000,Obstetric pelvic hematoma with postnatal problem
200025008,Secondary postpartum hemorrhage - delivered with postnatal problem
200030007,Postpartum coagulation defects - delivered with postnatal problem
200031006,Postpartum coagulation defects with postnatal problem
200046004,Complications of anesthesia during labor and delivery
200049006,Obstetric anesthesia with pulmonary complications - delivered
200050006,Obstetric anesthesia with pulmonary complications - delivered with postnatal problem
200052003,Obstetric anesthesia with pulmonary complications with postnatal problem
200056000,Obstetric anesthesia with cardiac complications - delivered
200057009,Obstetric anesthesia with cardiac complications - delivered with postnatal problem
200059007,Obstetric anesthesia with cardiac complications with postnatal problem
200063000,Obstetric anesthesia with central nervous system complications - delivered
200064006,Obstetric anesthesia with central nervous system complication - delivered with postnatal problem
200066008,Obstetric anesthesia with central nervous system complication with postnatal problem
200075005,Toxic reaction caused by local anesthetic during labor and delivery
200077002,Cardiac complications of anesthesia during labor and delivery
200099005,Maternal distress - delivered
200100002,Maternal distress - delivered with postnatal problem
200102005,Maternal distress with postnatal problem
200105007,Obstetric shock - delivered
200106008,Obstetric shock - delivered with postnatal problem
200108009,Obstetric shock with postnatal problem
200111005,Maternal hypotension syndrome - delivered
200112003,Maternal hypotension syndrome - delivered with postnatal problem
200114002,Maternal hypotension syndrome with postnatal problem
200118004,Post-delivery acute renal failure with postnatal problem
200130005,Forceps delivery - delivered
200133007,Delivery by combination of forceps and vacuum extractor
200134001,Delivered by mid-cavity forceps with rotation
200138003,Vacuum extractor delivery - delivered
200142000,Breech extraction - delivered
200144004,Deliveries by cesarean
200146002,Cesarean delivery - delivered
200147006,Cesarean section - pregnancy at term
200148001,Delivery by elective cesarean section
200149009,Delivery by emergency cesarean section
200150009,Delivery by cesarean hysterectomy
200151008,Cesarean section following previous cesarean section
200154000,Deliveries by destructive operation
200164009,Exhaustion during labor
200173001,Intrapartum hemorrhage with coagulation defect
200181000,Puerperal endometritis - delivered with postnatal complication
200182007,Puerperal endometritis with postnatal complication
200185009,Puerperal salpingitis - delivered with postnatal complication
200187001,Puerperal salpingitis with postnatal complication
200190007,Puerperal peritonitis - delivered with postnatal complication
200191006,Puerperal peritonitis with postnatal complication
200195002,Puerperal septicemia - delivered with postnatal complication
200196001,Puerperal sepsis with postnatal complication
200237000,Postnatal deep vein thrombosis - delivered with postnatal complication
200238005,Postnatal deep vein thrombosis with postnatal complication
200280009,Puerperal pyrexia of unknown origin - delivered with postnatal complication
200281008,Puerperal pyrexia of unknown origin with postnatal complication
200286003,Obstetric air pulmonary embolism
200288002,Obstetric air pulmonary embolism - delivered
200291002,Obstetric air pulmonary embolism with postnatal complication
200330000,Puerperal cerebrovascular disorder - delivered
200331001,Puerperal cerebrovascular disorder - delivered with postnatal complication
200333003,Puerperal cerebrovascular disorder with postnatal complication
200338007,Cesarean wound disruption with postnatal complication
200342005,Obstetric perineal wound disruption - delivered with postnatal complication
200343000,Obstetric perineal wound disruption with postnatal complication
200447000,Galactorrhea in pregnancy and the puerperium - delivered with postnatal complication
200448005,Galactorrhea in pregnancy and the puerperium with antenatal complication
200449002,Galactorrhea in pregnancy and the puerperium with postnatal complication
20216003,Legal abortion with perforation of uterus
20236002,Labor established
20259008,Finding of ballottement of fetal parts
20272009,Premature birth of multiple newborns
20483002,Legal abortion with renal tubular necrosis
20845005,Meconium in amniotic fluid affecting management of mother
20891002,Fetal decapitation
21127004,Term birth of newborn male
21243004,Term birth of newborn
21280005,Legal abortion with postoperative shock
21360006,Miscarriage with afibrinogenemia
21604008,Illegal abortion with blood-clot embolism
22046002,Illegal abortion with salpingitis
22137006,"Hypoxia, in liveborn infant"
22514005,"Term birth of fraternal twins, one living, one stillborn"
225245001,Rubbing up a contraction
22633006,"Vaginal delivery, medical personnel present"
23128002,"Cervical dilatation, 5cm"
2321005,Delivery by Ritgen maneuver
2324901000000103,Delivered by high cavity forceps delivery
23401002,Illegal abortion with perforation of bowel
23431000119106,Rupture of uterus during labor
23508005,"Uterine incoordination, first degree"
23652008,"Cervical dilatation, 3cm"
23667007,Term pregnancy delivered
236958009,Induction of labor
236971007,Stabilizing induction
236973005,Delivery procedure
236974004,Instrumental delivery
236975003,Nonrotational forceps delivery
236976002,Outlet forceps delivery
236977006,"Forceps delivery, face to pubes"
236978001,Forceps delivery to the aftercoming head
236979009,Pajot's maneuver
236980007,Groin traction at breech delivery
236981006,Lovset's maneuver
236982004,Delivery of the after coming head
236983009,Burns Marshall maneuver
236984003,Mauriceau Smellie Veit maneuver
236985002,Emergency lower segment cesarean section
236986001,Emergency upper segment cesarean section
236987005,Emergency cesarean hysterectomy
236988000,Elective cesarean hysterectomy
236989008,Abdominal delivery for shoulder dystocia
236990004,Postmortem cesarean section
236991000,Operation to facilitate delivery
236992007,Right mediolateral episiotomy
236994008,Placental delivery procedure
237000000,Modification of uterine activity
237001001,Augmentation of labor
237002008,Stimulation of labor
237003003,Tocolysis for hypertonicity of uterus
237004009,Prophylactic oxytocic administration
237005005,Manual procedure for malpresentation or position
237006006,Internal conversion of face to vertex
237007002,Reposition of a prolapsed arm
237008007,Maneuvers for delivery in shoulder dystocia
237009004,McRoberts maneuver
237010009,Suprapubic pressure on fetal shoulder
237011008,Wood's screw maneuver
237012001,Freeing the posterior arm
237013006,Embryotomy
237021000,Hydrostatic replacement of inverted uterus
237022007,Manual replacement of inverted uterus
237023002,Haultain's operation
237024008,Kustner's operation
237198001,Rectocele complicating postpartum care - baby delivered during previous episode of care
237202004,Rectocele - delivered with postpartum complication
237206001,Rectocele - baby delivered
237235009,Undiagnosed breech
237267007,Prolonged premature rupture of membranes
237311001,Breech delivery
237312008,"Multiple delivery, function"
237313003,Vaginal delivery following previous cesarean section
237324001,Cervical dystocia
237325000,Head entrapment during breech delivery
237329006,Urethra injury - obstetric
237364002,Stillbirth
237365001,Fresh stillbirth
237366000,Macerated stillbirth
23793007,Miscarriage without complication
23885003,Inversion of uterus during delivery
240281005,Air embolization of fetus
240282003,Cardiac puncture and fetal exsanguination
240283008,Fetal intracardiac injection of potassium chloride
240284002,Multifetal pregnancy reduction
24146004,Premature birth of newborn quintuplets
24258008,Damage to pelvic joints AND/OR ligaments during delivery
24699006,Arrested active phase of labor
249032005,Finding of speed of delivery
249037004,Caul membrane over baby's head at delivery
249089009,Fetal mouth presenting
249090000,Fetal ear presenting
249091001,Fetal nose presenting
249098007,Knee presentation
249099004,Single knee presentation
249100007,Double knee presentation
249104003,Dorsoanterior shoulder presentation
249105002,Dorsoposterior shoulder presentation
249142009,Slow progress in first stage of labor
249144005,Rapid first stage of labor
249145006,Uterine observation in labor
249146007,Segments of uterus distinguishable in labor
249161008,Maternal effort during second stage of labor
249162001,Desire to push in labor
249166003,Failure to progress in second stage of labor
249170006,Complete placenta at delivery
249172003,Finding of consistency of placenta
249173008,Placenta gritty
249195007,Maternal condition during labor
249196008,Distress from pain in labor
249207000,Membrane at cervical os
249219008,Genital tear resulting from childbirth
249220002,Vaginal tear resulting from childbirth
25192009,"Premature birth of fraternal twins, both living"
25296001,Delivery by Scanzoni maneuver
25404008,Illegal abortion with electrolyte imbalance
25519006,Illegal abortion with perforation of vagina
25691001,Legal abortion with septic shock
25828002,Mid forceps delivery with episiotomy
26010008,Legal abortion with pelvic peritonitis
26050006,Suture of old obstetrical laceration of vagina
26158002,Uterine inertia
26313002,Delivery by vacuum extraction with episiotomy
265633004,Selective destruction of fetus
265639000,Midforceps delivery without rotation
265640003,Crede placental expression
266784003,Manual replacement of inverted postnatal uterus
267193004,Incomplete legal abortion
267194005,Complete legal abortion
267257007,Labor and delivery complicated by fetal heart rate anomaly
267262008,Prolonged spontaneous rupture of membranes
267265005,Hypertonic uterine inertia
267268007,Trauma to perineum and/or vulva during delivery
267269004,Vulval and perineal hematoma during delivery
267271004,Obstetric trauma damaging pelvic joints and ligaments
267276009,Obstetric anesthesia with pulmonary complications
267278005,Deliveries by vacuum extractor
267340006,Maternal pyrexia in labor
268479002,Incomplete placenta at delivery
27015006,Legal abortion with amniotic fluid embolism
270498000,Fetal malposition and malpresentation
271368004,Delivered by low forceps delivery
271369007,Delivered by mid-cavity forceps delivery
271370008,Deliveries by breech extraction
271373005,Deliveries by spontaneous breech delivery
271415006,Removal of products of conception from fallopian tube
27169005,Legal abortion complicated by shock
27388005,Intrapartum hemorrhage due to partial placenta previa
273984003,Delivery problem for fetus
274125008,Elderly primiparous with labor
274127000,Abnormal delivery
274128005,Brow delivery
274129002,Face delivery
274130007,Emergency cesarean section
274514009,"Delivery conduct, function"
274973002,Dilation of cervix uteri and curettage for termination of pregnancy
275168001,Neville-Barnes forceps delivery
275169009,Simpson's forceps delivery
275421004,Miscarriage with heavy bleeding
276508000,Hydrops fetalis
278094007,Rapid rate of delivery
278095008,Normal rate of delivery
278096009,Slow rate of delivery
28030000,Twin birth
281050002,Livebirth
281052005,Triplet birth
281687006,Face to pubes birth
282020008,Premature delivery
285409006,Medical termination of pregnancy
28542003,Wigand-Martin maneuver
285434006,Insertion of abortifacient suppository
287977004,Dilation/incision of cervix - delivery aid
288039005,Internal cephalic version and extraction
288042004,Hysterectomy and fetus removal
288045002,Injection of substance into amniotic cavity for termination of pregnancy
288141009,Fetal head - manual flexion
288189000,Induction of labor by intravenous injection
288190009,Induction of labor by intravenous drip
288191008,Induction of labor by injection into upper limb
288193006,Supervision - normal delivery
288194000,Routine episiotomy and repair
288209009,Normal delivery - occipitoanterior
288210004,Abnormal head presentation delivery
288261009,Was malpresentation pre-labor
288265000,Born after precipitate delivery
288266004,Born after induced labor
28860009,Prague maneuver
289210008,Finding of first stage of labor
289211007,First stage of labor established
289213005,Normal length of first stage of labor
289214004,Normal first stage of labor
289215003,First stage of labor problem
289216002,Finding of second stage of labor
289217006,Second stage of labor established
289218001,Second stage of labor not established
289219009,Rapid second stage of labor
289220003,Progressing well in second stage
289221004,Normal length of second stage of labor
289222006,Second stage of labor problem
289223001,Normal second stage of labor
289224007,Finding of delivery push in labor
289226009,Pushing effectively in labor
289227000,Not pushing well in labor
289228005,Urge to push in labor
289229002,Reluctant to push in labor
289230007,Pushing voluntarily in labor
289231006,Pushing involuntarily in labor
289232004,Finding of third stage of labor
289233009,Normal length of third stage of labor
289234003,Prolonged third stage of labor
289235002,Rapid expulsion of placenta
289236001,Delayed expulsion of placenta
289237005,Normal rate of expulsion of placenta
289239008,Finding of duration of labor
289240005,Long duration of labor
289241009,Short duration of labor
289242002,Finding of blood loss in labor
289243007,Maternal blood loss minimal
289244001,Maternal blood loss within normal limits
289245000,Maternal blood loss moderate
289246004,Maternal blood loss heavy
289247008,Finding of measures of labor
289252003,Estimated maternal blood loss
289253008,Device-associated finding of labor
289254002,Expulsion of intrauterine contraceptive device during third stage of labor
289256000,Mother delivered
289258004,Finding of pattern of delivery
289259007,Vaginal delivery
289261003,Delivery problem
289267004,Finding of completeness of placenta
289275005,Placenta offensive odor
289276006,Finding of color of placenta
289277002,Placenta pale
289349009,Presenting part ballottable
289350009,Ballottement of fetal head abdominally
289351008,Ballottement of fetal head at fundus
289352001,Ballottement of fetal head in suprapubic area
289353006,Ballottement of fetal head vaginally
289354000,Presenting part not ballottable
289574008,Operculum passed
289761004,Finding of cervical dilatation
289762006,Cervix dilated
289763001,Rim of cervix palpable
289764007,Cervix undilated
28996007,Stillbirth of premature female (1000-2499 gms.)
29397004,Repair of old obstetric urethral laceration
29583006,Illegal abortion with laceration of broad ligament
29613008,Delivery by double application of forceps
29950007,Legal abortion with septic embolism
29995000,Illegal abortion with fat embolism
29997008,Premature birth of newborn triplets
30165006,"Premature birth of fraternal twins, one living, one stillborn"
302080006,Finding of birth outcome
302253005,Delivered by cesarean section - pregnancy at term
302254004,Delivered by cesarean delivery following previous cesarean delivery
302375005,Operative termination of pregnancy
302382009,Breech extraction with internal podalic version
302383004,Forceps delivery
302384005,Controlled cord traction of placenta
30476003,Barton's forceps delivery
30479005,Legal abortion with afibrinogenemia
304968002,Fetal Danforth operation
306727001,"Breech presentation, delivery, no version"
307733001,Inevitable abortion complete
307734007,Complete inevitable abortion complicated by genital tract and pelvic infection
307735008,Complete inevitable abortion complicated by delayed or excessive hemorrhage
307737000,Inevitable abortion incomplete
307738005,Complete inevitable abortion without complication
307746006,Incomplete inevitable abortion complicated by embolism
307748007,Incomplete inevitable abortion without complication
307749004,Incomplete inevitable abortion complicated by genital tract and pelvic infection
307750004,Complete inevitable abortion complicated by embolism
307752007,Incomplete inevitable abortion complicated by delayed or excessive hemorrhage
308037008,Syntocinon induction of labor
30806007,Miscarriage with endometritis
30828007,"Anoxia, in liveborn infant"
309469004,Spontaneous vertex delivery
31041000119106,Obstructed labor due to deep transverse arrest and persistent occipitoposterior position
31207002,Self-induced abortion
31208007,Medical induction of labor
312974005,Preterm premature rupture of membranes
315307003,Repair of obstetric laceration of lower urinary tract
315308008,Dilatation of cervix for delivery
31939001,Repair of obstetric laceration of cervix
320003,"Cervical dilatation, 1cm"
3230006,Illegal abortion with afibrinogenemia
33046001,Illegal abortion with urinary tract infection
33561005,Illegal abortion with acute renal failure
33627001,Prolonged first stage of labor
33654003,Repair of old obstetric laceration of urinary bladder
33807004,Internal and combined version with extraction
34089005,Premature birth of newborn quadruplets
34100008,"Premature birth of identical twins, both living"
34262005,Fourth degree perineal laceration involving rectal mucosa
34270000,Miscarriage complicated by shock
34327003,Parturient hemorrhage associated with hyperfibrinolysis
34500003,Legal abortion without complication
34614007,Miscarriage with complication
34701001,Illegal abortion with postoperative shock
34981006,Hypertonic uterine dysfunction
35347003,Delayed delivery after artificial rupture of membranes
35574001,"Delivery of shoulder presentation, function"
35608009,Stillbirth of immature male (500-999 gms.)
35874009,Normal labor
35882009,Abnormality of forces of labor
359937006,Repair of obstetric laceration of anus
359940006,Partial breech extraction
359943008,Partial breech delivery
359944002,Anal sphincteroplasty for current obstetrical laceration
361096002,Disruption of cesarean wound in the puerperium
36248000,Repair of obstetric laceration of urethra
362972006,Disorder of labor / delivery
3634007,Legal abortion complicated by metabolic disorder
363681007,Pregnancy with abortive outcome
36473002,Legal abortion with oliguria
364738009,Finding of outcome of delivery
36497006,Traumatic extension of episiotomy
366325002,Finding of progress of labor - first stage
366327005,Finding of progress of second stage of labor
366328000,Finding related to ability to push in labor
366329008,Finding of speed of delivery of placenta
366332006,Finding of odor of placenta
367494004,Premature birth of newborn
372456005,Repair of obstetric laceration
373896005,Miscarriage complicated by genital-pelvic infection
373901007,Legal abortion complicated by genital-pelvic infection
37762002,Face OR brow presentation of fetus
37787009,Legal abortion with blood-clot embolism
3798002,"Premature birth of identical twins, both stillborn"
38010008,Intrapartum hemorrhage
38257001,"Term birth of identical twins, one living, one stillborn"
384729004,Delivery of vertex presentation
384730009,Delivery of cephalic presentation
38479009,Frank breech delivery
386216000,"Human parturition, function"
386343008,Labor suppression
386561000,Fetal craniotomy
386562007,Fetal cranioclasis
386639001,Termination of pregnancy
386641000,Therapeutic abortion procedure
387615001,Removal of ectopic pregnancy from fallopian tube
387616000,Fimbrial extraction of tubal pregnancy
387617009,Aspiration of ectopic pregnancy from fallopian tube
387692004,Hypotonic uterine inertia
387696001,Primary hypotonic uterine dysfunction
387699008,Primary uterine inertia
387700009,Prolonged latent phase of labor
387709005,Removal of ectopic fetus from abdominal cavity
387710000,Removal of extrauterine ectopic fetus
387711001,Pubiotomy to assist delivery
38905006,Illegal abortion with amniotic fluid embolism
391896006,Therapeutic abortion by aspiration curettage
391897002,Aspiration curettage of uterus for termination of pregnancy
39199000,Miscarriage with laceration of urinary bladder
39213008,"Premature birth of identical twins, one living, one stillborn"
39239006,Legal abortion with electrolyte imbalance
39246002,Legal abortion with sepsis
39333005,"Cervical dilatation, 8cm"
39406005,Legally induced abortion
3950001,Birth
397949005,Poor fetal growth affecting management
397952002,Trauma to perineum during delivery
398019008,Perineal laceration during delivery
399031001,Fourth degree perineal laceration
399363000,Late fetal death affecting management of mother
4006006,Fetal tachycardia affecting management of mother
40219000,Delivery by Malstrom's extraction with episiotomy
40405003,Illegal abortion with cerebral anoxia
40444006,Miscarriage with acute necrosis of liver
40500006,Illegal abortion with laceration of uterus
40704000,Wright's obstetrical version with extraction
40792007,Kristeller maneuver
408796008,Stillbirth - unknown if fetal death intrapartum or prior to labor
408817009,Amniotomy at delivery
408818004,Induction of labor by artificial rupture of membranes
408819007,Delivery of placenta by maternal effort
408840008,Extra-amniotic termination of pregnancy
41059002,Cesarean hysterectomy
413338003,Incomplete miscarriage with complication
416055001,Total breech extraction
417121007,Breech extraction
41806003,Legal abortion with laceration of broad ligament
42390009,Repair of obstetric laceration of urinary bladder and urethra
42599006,Trauma from instrument during delivery
42783002,"Spontaneous placental expulsion, Schultz mechanism"
428508008,Abortion due to Brucella abortus
42857002,Second stage of labor
43306002,Miscarriage complicated by embolism
43715006,Secondary uterine inertia
43808007,"Cervical dilatation, 4cm"
44101005,Illegal abortion with air embolism
441619002,Repair of obstetric laceration of perineum and anal sphincter and mucosa of rectum
44223004,Premature rupture of membranes
445086005,Chemical pregnancy
4451004,Illegal abortion with renal tubular necrosis
445912000,Excision of fallopian tube and surgical removal of ectopic pregnancy
447972007,Medical termination of pregnancy using prostaglandin
44814008,Miscarriage with laceration of periurethral tissue
449807005,Type 3a third degree laceration of perineum
449808000,Type 3b third degree laceration of perineum
449809008,Type 3c third degree laceration of perineum
4504004,Potter's obstetrical version with extraction
450483001,Cesarean section through inverted T shaped incision of uterus
450484007,Cesarean section through J shaped incision of uterus
450562009,Laparoscopic excision of ruptured ectopic tubal pregnancy
450563004,Laparoscopic excision of ectopic ovarian pregnancy
450678004,Intraamniotic injection of abortifacient
450679007,Extraamniotic injection of abortifacient
450798003,Delivery of occipitoposterior presentation
45384004,Multiple birth
45718005,Vaginal delivery with forceps including postpartum care
45757002,Labor problem
4576001,Legal abortion complicated by renal failure
46311005,Perineal laceration involving fourchette
46502006,Hematoma of vagina during delivery
47236005,Third stage hemorrhage
472839005,Termination of pregnancy after first trimester
47537002,Miscarriage with postoperative shock
48204000,"Spontaneous unassisted delivery, medical personnel present"
48433002,Legal abortion with complication
48485000,Miscarriage in third trimester
48739004,Miscarriage with cardiac arrest and/or cardiac failure
48775002,Repair of obstetric laceration of pelvic floor
48782003,Delivery normal
4886009,Premature birth of newborn male
48975005,Stimulated labor
49279000,Slow slope active phase of labor
49550006,Premature pregnancy delivered
49632008,Illegally induced abortion
49815007,Damage to coccyx during delivery
49964003,Ectopic fetus
50758004,Term birth of newborn twins
50770000,Miscarriage with defibrination syndrome
51096002,Legal abortion with pulmonary embolism
51707007,Legal abortion with salpingo-oophoritis
51920004,Precipitate labor
51953009,Legal abortion with perforation of broad ligament
51954003,Miscarriage with perforation of periurethral tissue
52342006,Legal abortion with acute renal failure
52483005,Term birth of newborn sextuplets
52660002,Induced abortion following intra-amniotic injection with hysterotomy
52942000,Term birth of stillborn twins
5300004,Hemoglobin Bart's hydrops syndrome
53098006,Legal abortion with salpingitis
53183006,Miscarriage with intravascular hemolysis
53247006,Illegal abortion with laceration of bladder
53443007,Prolonged labor
53638009,Therapeutic abortion
54044001,Legal abortion with laceration of vagina
54155004,Illegal abortion with uremia
54212005,Irregular uterine contractions
54529009,Illegal abortion with cardiac arrest AND/OR failure
54650005,Premature birth of stillborn twins
54812001,"Delivery of brow presentation, function"
54844002,Prolapse of gravid uterus
54973000,Total breech delivery with forceps to aftercoming head
5556001,Manually assisted spontaneous delivery
55581002,Meconium in amniotic fluid first noted during labor AND/OR delivery in liveborn infant
55589000,Illegal abortion with pulmonary embolism
55669006,Repair of obstetrical laceration of perineum
5577003,Legal abortion with laceration of bowel
55933000,Legal abortion with perforation of bowel
55976003,Miscarriage with blood-clot embolism
56620000,Delivery of placenta following delivery of infant outside of hospital
57271003,Extraperitoneal cesarean section
5740008,Pelvic hematoma during delivery
57411006,Colpoperineorrhaphy following delivery
57420002,Listeria abortion
57469000,Miscarriage with acute renal failure
57734001,Legal abortion complicated by embolism
57759005,First degree perineal laceration
57797005,Induced termination of pregnancy
58699001,"Cervical dilatation, 2cm"
58705005,Bracht maneuver
58990004,Miscarriage complicated by damage to pelvic organs and/or tissues
59204004,Miscarriage with septic embolism
59363009,Inevitable abortion
59403008,Premature birth of newborn female
5945005,Legal abortion with urinary tract infection
59859005,Legal abortion with laceration of bladder
60265009,Miscarriage with air embolism
609204004,Subchorionic hematoma
609446006,Induced termination of pregnancy with complication
609447002,Induced termination of pregnancy complicated by damage to pelvic organs and/or tissues
609449004,Induced termination of pregnancy complicated by embolism
609450004,Induced termination of pregnancy complicated by genital-pelvic infection
609451000,Induced termination of pregnancy complicated by metabolic disorder
609452007,Induced termination of pregnancy complicated by renal failure
609453002,Induced termination of pregnancy complicated by shock
609454008,Induced termination of pregnancy complicated by acute necrosis of liver
609455009,Induced termination of pregnancy complicated by acute renal failure
609456005,Induced termination of pregnancy complicated by afibrinogenemia
609457001,Induced termination of pregnancy complicated by air embolism
609458006,Induced termination of pregnancy complicated by amniotic fluid embolism
609459003,Induced termination of pregnancy complicated by blood-clot embolism
609460008,Induced termination of pregnancy complicated by cardiac arrest and/or failure
609461007,Induced termination of pregnancy complicated by cerebral anoxia
609462000,Induced termination of pregnancy complicated by defibrination syndrome
609463005,Induced termination of pregnancy complicated by electrolyte imbalance
609464004,Induced termination of pregnancy complicated by endometritis
609465003,Induced termination of pregnancy complicated by fat embolism
609466002,Induced termination of pregnancy complicated by intravascular hemolysis
609467006,Induced termination of pregnancy complicated by laceration of bowel
609468001,Induced termination of pregnancy complicated by laceration of broad ligament
609469009,Induced termination of pregnancy complicated by laceration of cervix
609470005,Induced termination of pregnancy complicated by laceration of uterus
609471009,Induced termination of pregnancy complicated by laceration of vagina
609472002,Induced termination of pregnancy complicated by acute renal failure with oliguria
609473007,Induced termination of pregnancy complicated by parametritis
609474001,Induced termination of pregnancy complicated by pelvic peritonitis
609475000,Induced termination of pregnancy complicated by perforation of bowel
609476004,Induced termination of pregnancy complicated by perforation of cervix
609477008,Induced termination of pregnancy complicated by perforation of uterus
609478003,Induced termination of pregnancy complicated by perforation of vagina
609479006,Induced termination of pregnancy complicated by postoperative shock
609480009,Induced termination of pregnancy complicated by pulmonary embolism
609482001,Induced termination of pregnancy complicated by renal tubular necrosis
609483006,Induced termination of pregnancy complicated by salpingitis
609484000,Induced termination of pregnancy complicated by salpingo-oophoritis
609485004,Induced termination of pregnancy complicated by sepsis
609486003,Induced termination of pregnancy complicated by septic embolism
609487007,Induced termination of pregnancy complicated by septic shock
609489005,Induced termination of pregnancy complicated by soap embolism
609490001,Induced termination of pregnancy complicated by uremia
609491002,Induced termination of pregnancy complicated by urinary tract infection
609492009,Induced termination of pregnancy without complication
609493004,Induced termination of pregnancy complicated by tetanus
609494005,Induced termination of pregnancy complicated by pelvic disorder
609498008,Induced termination of pregnancy complicated by laceration of urinary bladder
609499000,Induced termination of pregnancy complicated by laceration of periurethral tissue
609500009,Induced termination of pregnancy complicated by perforation of urinary bladder
609501008,Induced termination of pregnancy complicated by perforation of broad ligament
609502001,Induced termination of pregnancy complicated by perforation of periurethral tissue
609503006,Induced termination of pregnancy complicated by urinary bladder damage
609504000,Induced termination of pregnancy complicated by bowel damage
609505004,Induced termination of pregnancy complicated by broad ligament damage
609506003,Induced termination of pregnancy complicated by cardiac arrest
609507007,Induced termination of pregnancy complicated by cardiac failure
609508002,Induced termination of pregnancy complicated by cervix damage
609510000,Induced termination of pregnancy complicated by infectious disease
609511001,Induced termination of pregnancy complicated by periurethral tissue damage
609512008,Induced termination of pregnancy complicated by oliguria
609513003,Induced termination of pregnancy complicated by uterus damage
609514009,Induced termination of pregnancy complicated by vaginal damage
609525000,Miscarriage of tubal ectopic pregnancy
61007003,Separation of symphysis pubis during delivery
6134000,Illegal abortion with oliguria
61353001,Repair of obstetric laceration of urinary bladder
61568004,Miscarriage with salpingo-oophoritis
61586001,Delivery by vacuum extraction
61714007,Metabolic disturbance in labor AND/OR delivery
61752008,Illegal abortion complicated by shock
61810006,Illegal abortion with defibrination syndrome
61893009,Laparoscopic treatment of ectopic pregnancy with oophorectomy
62129004,Contraction ring dystocia
6234006,Second degree perineal laceration
62472004,Cervix fully dilated
62508004,Mid forceps delivery
6251000119101,Induced termination of pregnancy in first trimester
6261000119104,Induced termination of pregnancy in second trimester
62657007,Cardiac arrest AND/OR failure following anesthesia AND/OR sedation in labor AND/OR delivery
62726004,Fetal clavicotomy
62774004,"Cervical dilatation, 9cm"
62888008,Legal abortion with perforation of bladder
63407004,Episioproctotomy
63596003,Laparoscopic treatment of ectopic pregnancy with salpingectomy
6383007,Premature labor
64229006,Traumatic lesion during delivery
6473009,Suture of old obstetrical laceration of uterus
64814003,Miscarriage with electrolyte imbalance
64954002,Avulsion of inner symphyseal cartilage during delivery
65243006,Delivery by midwife
65539006,Impetigo herpetiformis
66131005,Miscarriage with fat embolism
66231000,"Fetal OR intrauterine asphyxia, not clear if noted before OR after onset of labor in liveborn infant"
6647006,Legal abortion with defibrination syndrome
66895001,"Cervical dilatation, 6cm"
67465009,Miscarriage with sepsis
6802007,Illegal abortion with perforation of broad ligament
68189005,Illegal abortion with perforation of periurethral tissue
6825008,Perineal laceration involving rectovaginal septum
68509000,Stillbirth of immature female (500-999 gms.)
6891008,"Uterine incoordination, second degree"
6893006,First stage of labor
69162008,Cleidotomy
69270005,Rupture of uterus during AND/OR after labor
69302000,Abortion on demand
69422002,Trial forceps delivery
698586005,Complete legal abortion complicated by excessive hemorrhage
698587001,Complete illegal abortion complicated by excessive hemorrhage
698636009,Complete legal abortion with complication
698716002,Preterm spontaneous labor with preterm delivery
698717006,Preterm spontaneous labor with term delivery
699999008,Obstetrical version with extraction
700000006,Vaginal delivery of fetus
700041001,Induced termination of pregnancy under unsafe conditions
700073007,Aspiration of ectopic pregnancy from cornu of fallopian tube
70112005,Stillbirth of mature female (2500 gms. or more)
702452007,Quadruplet birth
702453002,Quintuplet birth
702454008,Sextuplet birth
707207004,Incomplete induced termination of pregnancy
70823006,Illegal abortion with intravascular hemolysis
709004006,Emergency lower segment cesarean section with inverted T incision
71096001,Inversion of uterine contraction
71166009,Forceps delivery with rotation of fetal head
71216006,Legal abortion with laceration of periurethral tissue
712653003,Delivery by cesarean section for footling breech presentation
712654009,Delivery by cesarean section for breech presentation
712655005,Delivery by cesarean section for flexed breech presentation
713202001,Antepartum stillbirth
713232009,Prolonged second stage of labor due to poor maternal effort
71362000,Illegal abortion with septic embolism
714812005,Induced termination of pregnancy
715880002,Obstructed labor due to fetal abnormality
7166002,Legal abortion with laceration of cervix
71848002,Bolt's sign
72059007,Destructive procedure on fetus to facilitate delivery
724484007,Incomplete legal abortion without complication
724488005,Preterm delivery following induction of labor
724489002,Preterm delivery following Cesarean section
724490006,Intrapartum hemorrhage co-occurrent and due to obstructed labor with uterine rupture
72492007,Footling breech delivery
72543004,"Stillbirth of immature fetus, sex undetermined (500-999 gms.)"
72613009,Miscarriage with oliguria
7266006,Intrapartum hemorrhage due to total placenta previa
73280003,Illegal abortion with laceration of vagina
73341009,Removal of ectopic fetus from ovary without oophorectomy
734275002,Delivery by outlet vacuum extraction
734276001,Delivery by mid-vacuum extraction
735492001,Obstructed labor due to shoulder dystocia
736018001,Elective upper segment cesarean section with bilateral tubal ligation
736020003,Emergency upper segment cesarean section with bilateral tubal ligation
736026009,Elective lower segment cesarean section with bilateral tubal ligation
736118004,Emergency lower segment cesarean section with bilateral tubal ligation
737321001,Excessive hemorrhage due to and following molar pregnancy
740597009,Umbilical cord complication during labor and delivery
74369005,Miscarriage with perforation of cervix
74522004,"Cervical dilatation, 7cm"
74978008,Illegal abortion with complication
749781000000109,Incomplete termination of pregnancy
75013000,Legal abortion with perforation of vagina
7504005,Trauma to vulva during delivery
75697004,"Term birth of identical twins, both stillborn"
75825001,Legal abortion with fat embolism
75928003,Pinard maneuver
75947000,Legal abortion with endometritis
762612009,Quadruplets with all four stillborn
762613004,Quintuplets with all five stillborn
762614005,Sextuplets with all six stillborn
76472002,Legal abortion with perforation of periurethral tissue
76771005,Parturient hemorrhage associated with hypofibrinogenemia
77099001,Illegal abortion with perforation of uterus
77206006,Puerperal pelvic sepsis
77259008,Prolonged second stage of labor
7768008,Failure of cervical dilation
77814006,Stillbirth of premature male (1000-2499 gms.)
7802000,Illegal abortion without complication
7809009,Miscarriage with laceration of uterus
785341006,Intrapartum hemorrhage due to leiomyoma
785867009,Excessive hemorrhage due to and following induced termination of pregnancy
785868004,Secondary hemorrhage due to and following induced termination of pregnancy
785869007,Secondary hemorrhage due to and following illegally induced termination of pregnancy
785870008,Secondary hemorrhage due to and following legally induced termination of pregnancy
785871007,Excessive hemorrhage due to and following legally induced termination of pregnancy
785872000,Excessive hemorrhage due to and following illegally induced termination of pregnancy
7860005,Stillbirth of mature male (2500 gms. or more)
788180009,Lower uterine segment cesarean section
7888004,Term birth of newborn quadruplets
7910003,Miscarriage with salpingitis
79179003,Desultory labor
79255005,Mentum presentation of fetus
79414005,Retraction ring dystocia
796731000000105,Extra-amniotic injection of abortifacient
796741000000101,Intra-amniotic injection of abortifacient
79748007,Maternal dystocia
79839005,Perineal laceration involving vulva
80002007,Fetal malpresentation
80438008,Illegal abortion with perforation of bladder
8071005,Miscarriage with perforation of bowel
81130000,Removal of intraligamentous ectopic pregnancy
81448000,"Hemorrhage in early pregnancy, delivered"
816966004,Augmentation of labor using oxytocin
816967008,Fetal distress due to augmentation of labor with oxytocin
816969006,Inefficient uterine activity with oxytocin augmentation
820947007,Third stage hemorrhage due to retention of placenta
82153002,Miscarriage with pulmonary embolism
82204006,Illegal abortion with parametritis
82338001,Illegal abortion with septic shock
82688001,Removal of product of conception of ectopic pregnancy
82897000,"Spontaneous placental expulsion, Duncan mechanism"
83094001,Perineal hematoma during delivery
83121003,"Term birth of fraternal twins, both stillborn"
8333008,Term birth of newborn triplets
83922009,Miscarriage with parametritis
8393005,Tetanic contractions of uterus
84007008,Shock during AND/OR following labor AND/OR delivery
840448004,Fetal cystic hygroma co-occurrent with hydrops
84143004,Illegal abortion with perforation of cervix
84195007,Classical cesarean section
84275009,Obstetrical hysterotomy
84382006,"Premature birth of fraternal twins, both stillborn"
84457005,Spontaneous onset of labor
8468007,Legal abortion with uremia
85116003,Miscarriage in second trimester
85331004,Miscarriage with laceration of broad ligament
85403009,"Delivery, medical personnel present"
85467007,Miscarriage with perforation of urinary bladder
85542007,Perineal laceration involving skin
85548006,Episiotomy
85632001,Miscarriage with laceration of vagina
85652000,Legal abortion with perforation of cervix
85991008,Miscarriage with pelvic peritonitis
860603002,Episiotomy wound
866229004,Trauma to urethra and urinary bladder during delivery
8670007,Illegal abortion with salpingo-oophoritis
86803008,Term birth of newborn quintuplets
87383005,Maternal distress
87662006,"Term birth of fraternal twins, both living"
87814002,Intrapartum hemorrhage due to marginal placenta previa
87967003,Miscarriage with perforation of vagina
87968008,Repair of old obstetrical laceration of cervix
88144003,Removal of ectopic interstitial uterine pregnancy requiring total hysterectomy
88201000119101,Failure of cervical dilation due to primary uterine inertia
88362001,Removal of ectopic fetus from fallopian tube without salpingectomy
89053004,Vaginal cesarean section
89346004,Delivery by Kielland rotation
893721000000103,Defibulation of vulva to facilitate delivery
89700002,Shoulder girdle dystocia
89849000,High forceps delivery
89934007,Crowning
8996006,Illegal abortion complicated by renal failure
90306000,Trial labor
90438006,Delivery by Malstrom's extraction
90450000,Illegal abortion with pelvic peritonitis
90532005,Central laceration during delivery
921611000000101,Intrapartum stillbirth
9221009,Surgical treatment of septic abortion
9293002,Atony of uterus
9343003,Term birth of newborn female
9442009,Parturient hemorrhage associated with afibrinogenemia
9780006,Presentation of prolapsed arm of fetus
